<?xml version="1.0" encoding="UTF-8" standalone="yes"?><eb:Messaging xmlns:eb="http://docs.oasis-open.org/ebxml-msg/ebms/v3.0/ns/core/200704/" xmlns:ns2="http://www.w3.org/2003/05/soap-envelope" ns2:mustUnderstand="true"><eb:UserMessage mpc="http://docs.oasis-open.org/ebxml-msg/ebms/v3.0/ns/core/200704/defaultMPC"><eb:MessageInfo><eb:Timestamp>2020-02-10T16:32:02.000Z</eb:Timestamp><eb:MessageId>f451e7f1-8cbb-496c-a3b9-7808e0233e17@domibus.eu</eb:MessageId></eb:MessageInfo><eb:PartyInfo><eb:From><eb:PartyId type="urn:oasis:names:tc:ebcore:partyid-type:unregistered">domibus-gitb</eb:PartyId><eb:Role>http://docs.oasis-open.org/ebxml-msg/ebms/v3.0/ns/core/200704/initiator</eb:Role></eb:From><eb:To><eb:PartyId type="urn:oasis:names:tc:ebcore:partyid-type:unregistered">einvoicingct_3_gw</eb:PartyId><eb:Role>http://docs.oasis-open.org/ebxml-msg/ebms/v3.0/ns/core/200704/responder</eb:Role></eb:To></eb:PartyInfo><eb:CollaborationInfo><eb:Service type="tc1">bdx:noprocess</eb:Service><eb:Action>TC1Leg1</eb:Action><eb:ConversationId>9ff3d9a9-be77-41d1-a016-4407d3254076@domibus.eu</eb:ConversationId></eb:CollaborationInfo><eb:MessageProperties><eb:Property name="originalSender">urn:oasis:names:tc:ebcore:partyid-type:unregistered:C1</eb:Property><eb:Property name="finalRecipient">urn:oasis:names:tc:ebcore:partyid-type:unregistered:C4</eb:Property></eb:MessageProperties><eb:PayloadInfo><eb:PartInfo href="cid:message"><eb:PartProperties><eb:Property name="PayloadName">invoice.xml</eb:Property><eb:Property name="MimeType">text/xml</eb:Property></eb:PartProperties></eb:PartInfo></eb:PayloadInfo></eb:UserMessage></eb:Messaging>