<?xml version="1.0" encoding="UTF-8"?>
<Invoice  xmlns:cac="urn:oasis:names:specification:ubl:schema:xsd:CommonAggregateComponents-2"
 xmlns:cbc="urn:oasis:names:specification:ubl:schema:xsd:CommonBasicComponents-2"
 xmlns:ext="urn:oasis:names:specification:ubl:schema:xsd:CommonExtensionComponents-2"
 xmlns="urn:oasis:names:specification:ubl:schema:xsd:Invoice-2">
	
	<cbc:CustomizationID>urn:cen.eu:en16931:2017</cbc:CustomizationID>
    <cbc:ID>Test ZIP-T_01_UBL</cbc:ID>
    <cbc:IssueDate>2019-12-01</cbc:IssueDate>
	<cbc:DueDate>2019-12-31</cbc:DueDate>
    <cbc:InvoiceTypeCode>380</cbc:InvoiceTypeCode>
    <cbc:DocumentCurrencyCode>EUR</cbc:DocumentCurrencyCode>
	<!--SELLER-->
	<cac:AccountingSupplierParty>
        <cac:Party>
			
			<cac:PostalAddress>
				<cbc:StreetName>Street seller</cbc:StreetName>
                <cbc:CityName>City seller</cbc:CityName>
                <cbc:PostalZone>11111</cbc:PostalZone>
                <cac:Country>
                    <cbc:IdentificationCode>DK</cbc:IdentificationCode>
                </cac:Country>
            </cac:PostalAddress>
			<cac:PartyTaxScheme>
                <cbc:CompanyID>DK12345</cbc:CompanyID>
				<cac:TaxScheme>
                    <cbc:ID>VAT</cbc:ID>
                </cac:TaxScheme>
            </cac:PartyTaxScheme>
			<cac:PartyLegalEntity>
                <cbc:RegistrationName>The seller company name</cbc:RegistrationName>
            </cac:PartyLegalEntity>
			
		</cac:Party>
    </cac:AccountingSupplierParty>
	<!--BUYER-->
    <cac:AccountingCustomerParty>
        <cac:Party>
			<cbc:EndpointID schemeID="0201">99108A</cbc:EndpointID>
			<cac:PostalAddress>
                <cbc:StreetName>Street customer</cbc:StreetName>
                <cbc:CityName>City customer</cbc:CityName>
                <cbc:PostalZone>38251</cbc:PostalZone>
                <cac:Country>
                    <cbc:IdentificationCode>IT</cbc:IdentificationCode>
                </cac:Country>
            </cac:PostalAddress>
			<cac:PartyTaxScheme>
                <cbc:CompanyID>IT07945211006</cbc:CompanyID>
				<cac:TaxScheme>
                    <cbc:ID>VAT</cbc:ID>
                </cac:TaxScheme>
            </cac:PartyTaxScheme>
			<cac:PartyLegalEntity>
                <cbc:RegistrationName>The buyer company name</cbc:RegistrationName>
            </cac:PartyLegalEntity>
        </cac:Party>
   </cac:AccountingCustomerParty>
    
	<cac:PaymentMeans>
        <cbc:PaymentMeansCode>30</cbc:PaymentMeansCode>
		<!--credit transfer-->
		<cac:PayeeFinancialAccount><!--BG-17-->
			  <cbc:ID>IT1212341234123412</cbc:ID><!--BT-84-->
			  <cbc:Name>Payment account name</cbc:Name><!--BT-85-->
			  <cac:FinancialInstitutionBranch><!--it should be cac:FinancialInstitution/cbc:ID for the BIC-->
				 	<cbc:ID>ITITABCD</cbc:ID><!--BT-86--> 
			  </cac:FinancialInstitutionBranch>
		</cac:PayeeFinancialAccount>
    </cac:PaymentMeans>
	<!--TOTALS-->
    <cac:TaxTotal>
		<cbc:TaxAmount currencyID="EUR">320.00</cbc:TaxAmount>
        <cac:TaxSubtotal>
            <cbc:TaxableAmount currencyID="EUR">3200.00</cbc:TaxableAmount>
            <cbc:TaxAmount currencyID="EUR">320.00</cbc:TaxAmount>
            <cac:TaxCategory>
                <cbc:ID>S</cbc:ID>
                <cbc:Percent>10.00</cbc:Percent>
				<cac:TaxScheme>
                    <cbc:ID>VAT</cbc:ID>
                </cac:TaxScheme>
            </cac:TaxCategory>
        </cac:TaxSubtotal>  
    </cac:TaxTotal>
	 <cac:LegalMonetaryTotal>
        <cbc:LineExtensionAmount currencyID="EUR">3200.00</cbc:LineExtensionAmount>
        <cbc:TaxExclusiveAmount currencyID="EUR">3200.00</cbc:TaxExclusiveAmount>
        <cbc:TaxInclusiveAmount currencyID="EUR">3520.00</cbc:TaxInclusiveAmount>
        <cbc:PayableAmount currencyID="EUR">3520.00</cbc:PayableAmount>
    </cac:LegalMonetaryTotal>
	<!--LINE-->
    <cac:InvoiceLine>
        <cbc:ID>1</cbc:ID>
        <cbc:InvoicedQuantity unitCode="EA">1</cbc:InvoicedQuantity>
        <cbc:LineExtensionAmount currencyID="EUR">3200.00</cbc:LineExtensionAmount>
        
		<cac:Item>
		<cbc:Name>Article 1</cbc:Name>
			<cac:ClassifiedTaxCategory>
                <cbc:ID>S</cbc:ID>
				 <cbc:Percent>10.00</cbc:Percent>
				<cac:TaxScheme>
                    <cbc:ID>VAT</cbc:ID>
                </cac:TaxScheme>
            </cac:ClassifiedTaxCategory>
        </cac:Item>
		<cac:Price>
            <cbc:PriceAmount currencyID="EUR">3200.00</cbc:PriceAmount>
			 
        </cac:Price>
        
    </cac:InvoiceLine>

 </Invoice>
 
